<BACKGROUND>
    <COLOR>
        <RED>35.000000</RED>
        <GREEN>56.000000</GREEN>
        <BLUE>112.000000</BLUE>
    </COLOR>
</BACKGROUND>
<STROKE>
    <PT>
        <X>91.000000</X>
        <Y>45.000000</Y>
    </PT>
    <PT>
        <X>100.000000</X>
        <Y>46.000000</Y>
    </PT>
    <PT>
        <X>119.000000</X>
        <Y>52.000000</Y>
    </PT>
    <PT>
        <X>146.000000</X>
        <Y>63.000000</Y>
    </PT>
    <PT>
        <X>173.000000</X>
        <Y>77.000000</Y>
    </PT>
    <PT>
        <X>198.000000</X>
        <Y>92.000000</Y>
    </PT>
    <PT>
        <X>218.000000</X>
        <Y>108.000000</Y>
    </PT>
    <PT>
        <X>233.000000</X>
        <Y>123.000000</Y>
    </PT>
    <PT>
        <X>246.000000</X>
        <Y>140.000000</Y>
    </PT>
    <PT>
        <X>254.000000</X>
        <Y>152.000000</Y>
    </PT>
    <PT>
        <X>261.000000</X>
        <Y>165.000000</Y>
    </PT>
    <PT>
        <X>261.000000</X>
        <Y>167.000000</Y>
    </PT>
    <PT>
        <X>261.000000</X>
        <Y>168.000000</Y>
    </PT>
    <PT>
        <X>253.000000</X>
        <Y>168.000000</Y>
    </PT>
    <PT>
        <X>239.000000</X>
        <Y>165.000000</Y>
    </PT>
    <PT>
        <X>200.000000</X>
        <Y>155.000000</Y>
    </PT>
    <PT>
        <X>171.000000</X>
        <Y>152.000000</Y>
    </PT>
    <PT>
        <X>139.000000</X>
        <Y>151.000000</Y>
    </PT>
    <PT>
        <X>134.000000</X>
        <Y>152.000000</Y>
    </PT>
    <PT>
        <X>179.000000</X>
        <Y>225.000000</Y>
    </PT>
    <PT>
        <X>165.000000</X>
        <Y>229.000000</Y>
    </PT>
    <PT>
        <X>141.000000</X>
        <Y>221.000000</Y>
    </PT>
    <PT>
        <X>127.000000</X>
        <Y>217.000000</Y>
    </PT>
    <PT>
        <X>118.000000</X>
        <Y>215.000000</Y>
    </PT>
    <PT>
        <X>119.000000</X>
        <Y>217.000000</Y>
    </PT>
    <PT>
        <X>150.000000</X>
        <Y>264.000000</Y>
    </PT>
    <PT>
        <X>154.000000</X>
        <Y>272.000000</Y>
    </PT>
    <PT>
        <X>158.000000</X>
        <Y>285.000000</Y>
    </PT>
    <PT>
        <X>114.000000</X>
        <Y>299.000000</Y>
    </PT>
    <PT>
        <X>129.000000</X>
        <Y>316.000000</Y>
    </PT>
    <PT>
        <X>135.000000</X>
        <Y>324.000000</Y>
    </PT>
    <PT>
        <X>158.000000</X>
        <Y>361.000000</Y>
    </PT>
    <PT>
        <X>126.000000</X>
        <Y>352.000000</Y>
    </PT>
    <PT>
        <X>105.000000</X>
        <Y>381.000000</Y>
    </PT>
    <PT>
        <X>97.000000</X>
        <Y>384.000000</Y>
    </PT>
    <PT>
        <X>90.000000</X>
        <Y>385.000000</Y>
    </PT>
    <PT>
        <X>90.000000</X>
        <Y>384.000000</Y>
    </PT>
    <PT>
        <X>126.000000</X>
        <Y>375.000000</Y>
    </PT>
    <PT>
        <X>132.000000</X>
        <Y>374.000000</Y>
    </PT>
    <PT>
        <X>189.000000</X>
        <Y>366.000000</Y>
    </PT>
    <PT>
        <X>241.000000</X>
        <Y>362.000000</Y>
    </PT>
    <PT>
        <X>267.000000</X>
        <Y>380.000000</Y>
    </PT>
</STROKE>
<SETTINGS>
    <PARAMETER>
        <LINE>113.000000</LINE>
        <TRANSPARENCY>196.000000</TRANSPARENCY>
        <SCALE>191.000000</SCALE>
        <FIRST>0</FIRST>
        <RECTANGLE>100</RECTANGLE>
        <CIRCLE>200</CIRCLE>
        <MESH>300</MESH>
        <ANDREAS>400</ANDREAS>
        <NETWORK>500</NETWORK>
        <TRIANGLE>600</TRIANGLE>
        <ASENDORF>700</ASENDORF>
        <SIXPOINTS>800</SIXPOINTS>
        <JOCABOLA>900</JOCABOLA>
        <JOCABOLA2>1000</JOCABOLA2>
        <CROSS>1101</CROSS>
        <KIEBITZ>1201</KIEBITZ>
        <PHASE>1300</PHASE>
        <ORBIT>1401</ORBIT>
    </PARAMETER>
</SETTINGS>
