<STROKE></STROKE>
<BACKGROUND>
    <COLOR>
        <RED>50.000000</RED>
        <GREEN>50.000000</GREEN>
        <BLUE>50.000000</BLUE>
        <FILE>blank.png</FILE>
    </COLOR>
</BACKGROUND>
<SETTINGS>
    <PARAMETER>
        <LINE>100.000000</LINE>
        <TRANSPARENCY>250.000000</TRANSPARENCY>
        <SCALE>249.999985</SCALE>
        <FIRST>1</FIRST>
        <RECTANGLE>100</RECTANGLE>
        <CIRCLE>200</CIRCLE>
        <MESH>300</MESH>
        <ANDREAS>400</ANDREAS>
        <NETWORK>500</NETWORK>
        <TRIANGLE>600</TRIANGLE>
        <ASENDORF>700</ASENDORF>
        <SIXPOINTS>800</SIXPOINTS>
        <JOCABOLA>900</JOCABOLA>
        <JOCABOLA2>1000</JOCABOLA2>
        <CROSS>1100</CROSS>
        <KIEBITZ>1200</KIEBITZ>
        <PHASE>1300</PHASE>
        <ORBIT>1400</ORBIT>
    </PARAMETER>
</SETTINGS>

